"Local.Match.ID","Home.Team.Name","Away.Team.Name","Home.Team.Goals","Away.Team.Goals","Match.Date","Halftime.Score","Attendance","Seven.m.goals","Referees","Home.Coach","Home.Assistant","Away.Coach","Away.Assistant","Phase","Season","CT.Broadcast"
1,"Hranice","Karviná",23,26,"3.6.2011","13 : 14",150,"4 : 0","Lubomír Kohout, Vladimír Vaník","Libor Hrabal","Šárka Alexová","Martin Kostelník","Roman Farár","1till6placeMatch","2010/2011",0
2,"Zubrí","Plzen",31,24,"4.6.2011","18 : 14",860,"2 : 2","Pavel Nesvadba, Vangelis Simu","Jirí Mika","Michal Balhárek","Vladimír Haber","Stanislav Raizl","1till6placeMatch","2010/2011",0
3,"Lovosice","Dukla",26,27,"5.6.2011","16 : 15",94616,"2 : 3","Václav Kohout, Petr Novák","Vojtech Srba","Pavel Haken","Pavel Pauza","Jan Krouský","1till6placeMatch","2010/2011",1
4,"Dukla","Zubrí",31,25,"28.5.2011","15 : 11",340,"3 : 4","Václav Horácek, Jirí Novotný","Pavel Pauza","Milan Kotrc","Jirí Mika","Michal Balhárek","1till6placeMatch","2010/2011",0
5,"Karviná","Lovosice",25,24,"29.5.2011","14 : 15",720,"1 : 1","Radoslav Kavulic, Libor Skružný","Martin Kostelník","Roman Farár","Vojtech Srba","Pavel Haken","1till6placeMatch","2010/2011",0
6,"Plzen","Hranice",21,20,"29.5.2011","10 : 10",120,"2 : 3","Bedrich Frieser, Lukáš Frieser","Vladimír Haber","Stanislav Raizl","Libor Hrabal","Šárka Alexová","1till6placeMatch","2010/2011",1
7,"Plzen","Dukla",29,30,"20.5.2011","13 : 17",300,"2 : 4","Dalibor Pavlát, Petr Pešek","Vladimír Haber","Stanislav Raizl","Pavel Pauza","Jan Krouský","1till6placeMatch","2010/2011",0
8,"Zubrí","Karviná",22,21,"21.5.2011","13 : 9",800,"3 : 2","Václav Kohout, Petr Novák","Jirí Mika","Michal Balhárek","Martin Kostelník","Roman Farár","1till6placeMatch","2010/2011",0
9,"Hranice","Lovosice",24,24,"22.5.2011","12 : 11",170,"1 : 3","Václav Horácek, Jirí Novotný","Libor Hrabal","Šárka Alexová","Vojtech Srba","Pavel Haken","1till6placeMatch","2010/2011",1
10,"Dukla","Hranice",25,14,"14.5.2011","10 : 7",230,"5 : 0","Pavel Nesvadba, Vangelis Simu","Pavel Pauza","Milan Kotrc","Libor Hrabal","Šárka Alexová","1till6placeMatch","2010/2011",0
11,"Lovosice","Zubrí",27,23,"15.5.2011","10 : 11",1054,"3 : 3","Milan Hájek, Karel Macho","Vojtech Srba","Pavel Haken","Jirí Mika","Michal Balhárek","1till6placeMatch","2010/2011",1
12,"Karviná","Plzen",23,22,"15.5.2011","14 : 11",682,"2 : 2","Michal Hanák, Jan Kosmák","Martin Kostelník","Roman Farár","Vladimír Haber","Stanislav Raizl","1till6placeMatch","2010/2011",0
13,"Dukla","Karviná",28,23,"7.5.2011","12 : 13",240,"0 : 0","Radoslav Kavulic, Libor Skružný","Pavel Pauza","Milan Kotrc","Martin Kostelník","Roman Farár","1till6placeMatch","2010/2011",0
14,"Plzen","Lovosice",24,24,"7.5.2011","12 : 11",450,"3 : 2","Václav Kohout, Petr Novák","Vladimír Haber","Stanislav Raizl","Vojtech Srba","Pavel Haken","1till6placeMatch","2010/2011",0
15,"Hranice","Zubrí",27,30,"8.5.2011","11 : 17",290,"3 : 2","Jirí Opava, Pavel Válek","Libor Hrabal","Šárka Alexová","Jirí Mika","Michal Balhárek","1till6placeMatch","2010/2011",0
16,"Dukla","Lovosice",32,31,"30.4.2011","13 : 12",420,"0 : 4","Jirí Opava, Pavel Válek","Pavel Pauza","Milan Kotrc","Vojtech Srba","Pavel Haken","1till6placeMatch","2010/2011",0
17,"Plzen","Zubrí",29,25,"30.4.2011","14 : 7",450,"3 : 4","Michal Hanák, Jan Kosmák","Vladimír Haber","Stanislav Raizl","Jirí Mika","Michal Balhárek","1till6placeMatch","2010/2011",1
18,"Karviná","Hranice",24,20,"1.5.2011","11 : 10",660,"0 : 0","Marek Becicka, Jirí Horák","Martin Kostelník","Roman Farár","Jan Hegar","Bretislav Žoch","1till6placeMatch","2010/2011",0
19,"Hranice","Plzen",25,30,"22.4.2011","12 : 16",180,"3 : 1","Pavel Nesvadba, Vangelis Simu","Jan Hegar","Bretislav Žoch","Vladimír Haber","Stanislav Raizl","1till6placeMatch","2010/2011",0
20,"Zubrí","Dukla",20,21,"23.4.2011","11 : 11",1000,"2 : 0","Milan Hájek, Karel Macho","Jirí Mika","Radim Balhárek","Pavel Pauza","Milan Kotrc","1till6placeMatch","2010/2011",0
21,"Lovosice","Karviná",38,26,"25.4.2011","20 : 9",945,"3 : 1","Václav Horácek, Jirí Novotný","Vojtech Srba","Pavel Haken","Martin Kostelník","Roman Farár","1till6placeMatch","2010/2011",1
22,"Lovosice","Hranice",28,21,"16.4.2011","13 : 11",820,"3 : 2","Milan Hájek, Karel Macho","Vojtech Srba","Pavel Haken","Jan Hegar","Bretislav Žoch","1till6placeMatch","2010/2011",0
23,"Dukla","Plzen",27,23,"16.4.2011","11 : 9",212,"6 : 3","Bedrich Frieser, Lukáš Frieser","Pavel Pauza","Milan Kotrc","Vladimír Haber","Stanislav Raizl","1till6placeMatch","2010/2011",0
24,"Karviná","Zubrí",25,25,"17.4.2011","16 : 11",892,"2 : 1","Jirí Opava, Pavel Válek","Jozef Hanták","Martin Kostelník","Jirí Mika","Michal Balhárek","1till6placeMatch","2010/2011",1
25,"Plzen","Karviná",30,25,"9.4.2011","15 : 10",550,"2 : 3","Václav Kohout, Petr Novák","Vladimír Haber","Stanislav Raizl","Jozef Hanták","Martin Kostelník","1till6placeMatch","2010/2011",0
26,"Zubrí","Lovosice",28,28,"10.4.2011","15 : 12",1000,"4 : 4","Václav Horácek, Jirí Novotný","Jirí Mika","Michal Balhárek","Vojtech Srba","Pavel Haken","1till6placeMatch","2010/2011",1
27,"Hranice","Dukla",23,27,"10.4.2011","11 : 12",270,"2 : 2","Radoslav Kavulic, Libor Skružný","Jan Hegar","Bretislav Žoch","Pavel Pauza","Jan Krouský","1till6placeMatch","2010/2011",0
28,"Lovosice","Plzen",22,20,"2.4.2011","13 : 10",800,"1 : 1","Radoslav Kavulic, Libor Skružný","Vojtech Srba","Pavel Haken","Vladimír Haber","Stanislav Raizl","1till6placeMatch","2010/2011",0
29,"Zubrí","Hranice",10,0,"2.4.2011",,900,"1 : 0","Pavel Nesvadba, Vangelis Simu","Jirí Mika","Michal Balhárek","Jan Hegar","Bretislav Žoch","1till6placeMatch","2010/2011",0
30,"Karviná","Dukla",26,25,"3.4.2011","13 : 12",785,"5 : 0","Václav Horácek, Jirí Novotný","Jozef Hanták","Martin Kostelník","Pavel Pauza","Jan Krouský","1till6placeMatch","2010/2011",1
31,"Jicín","Koprivnice",29,28,"1.6.2011","18 : 12",210,"3 : 4","Dalibor Pavlát, Petr Pešek","Aleš Babák","Vladimír Bohácek","Miroslav Barton","Ivo Vávra","7till12placeMatch","2010/2011",0
32,"Brno","Trebon",31,26,"4.6.2011","16 : 11",195,"1 : 3","Radoslav Kavulic, Libor Skružný","Zdenek Missbach","Zdenek Zima","Jan Pavlovský","Zdenek Kubík","7till12placeMatch","2010/2011",0
33,"Frýdek-Místek","Prerov",32,28,"5.6.2011","17 : 13",315,"3 : 4","Adam Kondelka, David Kondelka","Jirí Kekrt","Petr Mazur","Alois Jurík","Richard Bucek","7till12placeMatch","2010/2011",0
34,"Prerov","Jicín",28,28,"27.5.2011","16 : 11",52,"4 : 2","Pavel Novotný, Jirí Vetrovský","Alois Jurík","Michal Kavka","Aleš Babák","Vladimír Bohácek","7till12placeMatch","2010/2011",0
35,"Trebon","Frýdek-Místek",23,22,"28.5.2011","12 : 15",250,"2 : 0","Lubomír Kohout, Vladimír Vaník","Jan Pavlovský","Zdenek Kubík","Jirí Kekrt","Petr Mazur","7till12placeMatch","2010/2011",0
36,"Koprivnice","Brno",34,24,"28.5.2011","15 : 10",220,"5 : 3","Petr Halada, Martin Zych","Miroslav Barton","Ivo Vávra","Zdenek Missbach","Tomáš Petr","7till12placeMatch","2010/2011",0
37,"Brno","Frýdek-Místek",40,36,"21.5.2011","21 : 22",125,"4 : 4","Milan Hájek, Karel Macho","Zdenek Missbach","Zdenek Zima","Jirí Kekrt","Petr Mazur","7till12placeMatch","2010/2011",0
38,"Jicín","Trebon",35,17,"21.5.2011","15 : 6",250,"3 : 0","Marek Becicka, Jirí Horák","Aleš Babák","Vladimír Bohácek","Jan Pavlovský","Zdenek Kubík","7till12placeMatch","2010/2011",0
39,"Koprivnice","Prerov",30,23,"21.5.2011","17 : 13",104,"3 : 3","Michal Hanák, Jan Kosmák","Miroslav Barton","Ivo Vávra","Alois Jurík","Michal Kavka","7till12placeMatch","2010/2011",0
40,"Trebon","Koprivnice",24,20,"14.5.2011","14 : 8",0,"0 : 2","Jirí Opava, Pavel Válek","Jan Pavlovský","Zdenek Kubík","Miroslav Barton","Ivo Vávra","7till12placeMatch","2010/2011",0
41,"Jicín","Frýdek-Místek",27,26,"14.5.2011","13 : 13",452,"0 : 2","Radoslav Kavulic, Libor Skružný","Aleš Babák","Vladimír Bohácek","Jirí Kekrt","Petr Mazur","7till12placeMatch","2010/2011",0
42,"Prerov","Brno",37,23,"15.5.2011","20 : 13",297,"7 : 2","Adam Kondelka, David Kondelka","Alois Jurík","Michal Kavka","Zdenek Missbach","Josef Cikán","7till12placeMatch","2010/2011",0
43,"Brno","Jicín",32,35,"7.5.2011","14 : 13",181,"2 : 0","Bedrich Frieser, Lukáš Frieser","Zdenek Missbach","Zdenek Zima","Aleš Babák","Vladimír Bohácek","7till12placeMatch","2010/2011",0
44,"Prerov","Trebon",27,23,"8.5.2011","15 : 12",177,"1 : 3","Václav Kohout, Petr Novák","Alois Jurík","Michal Kavka","Jan Pavlovský","Zdenek Kubík","7till12placeMatch","2010/2011",0
45,"Frýdek-Místek","Koprivnice",25,19,"8.5.2011","11 : 9",293,"3 : 2","Pavel Novotný, Jirí Vetrovský","Jirí Kekrt","Petr Mazur","Miroslav Barton","Ivo Vávra","7till12placeMatch","2010/2011",0
46,"Koprivnice","Jicín",35,24,"29.4.2011","13 : 14",150,"2 : 3","Adam Kondelka, David Kondelka","Miroslav Barton","Ivo Vávra","Aleš Babák","Vladimír Bohácek","7till12placeMatch","2010/2011",0
47,"Prerov","Frýdek-Místek",22,35,"30.4.2011","11 : 15",231,"5 : 3","Milan Hájek, Karel Macho","Alois Jurík","Michal Kavka","Jirí Kekrt","Petr Mazur","7till12placeMatch","2010/2011",0
48,"Trebon","Brno",27,20,"30.4.2011","11 : 7",220,"2 : 3","Marek Becicka, Jirí Horák","Jan Pavlovský","Zdenek Kubík","Zdenek Missbach","Tomáš Petr","7till12placeMatch","2010/2011",0
49,"Jicín","Prerov",28,15,"13.4.2011","13 : 9",200,"1 : 2","Petr Halada, Martin Zych","Aleš Babák","Vladimír Bohácek","Alois Jurík","Michal Kavka","7till12placeMatch","2010/2011",0
50,"Brno","Koprivnice",40,31,"23.4.2011","18 : 10",148,"2 : 3","Dalibor Pavlát, Petr Pešek","Zdenek Missbach","Zdenek Zima","Miroslav Barton","Zdenek Kovalák","7till12placeMatch","2010/2011",0
51,"Frýdek-Místek","Trebon",26,24,"24.4.2011","15 : 12",312,"3 : 3","Michal Hanák, Jan Kosmák","Jirí Kekrt","Petr Mazur","Jan Pavlovský","Vladislav Jordák","7till12placeMatch","2010/2011",0
52,"Trebon","Jicín",26,27,"16.4.2011","12 : 16",0,"5 : 4","Pavel Novotný, Jirí Vetrovský","Jan Pavlovský","Zdenek Kubík","Aleš Babák","Vladimír Bohácek","7till12placeMatch","2010/2011",0
53,"Prerov","Koprivnice",34,27,"17.4.2011","18 : 13",297,"0 : 3","Václav Horácek, Jirí Novotný","Alois Jurík","Michal Kavka","Miroslav Barton","Ivo Vávra","7till12placeMatch","2010/2011",0
54,"Frýdek-Místek","Brno",38,30,"17.4.2011","17 : 11",365,"5 : 3","Marek Becicka, Jirí Horák","Jirí Kekrt","Petr Mazur","Zdenek Missbach","Tomáš Petr","7till12placeMatch","2010/2011",0
55,"Brno","Prerov",32,31,"9.4.2011","16 : 16",100,"4 : 5","Milan Hájek, Karel Macho","Zdenek Missbach","Zdenek Zima","Alois Jurík","Michal Kavka","7till12placeMatch","2010/2011",0
56,"Koprivnice","Trebon",28,22,"9.4.2011","13 : 11",400,"3 : 5","Radoslav Kavulic, Libor Skružný","Miroslav Barton","Ivo Vávra","Jan Pavlovský","Zdenek Kubík","7till12placeMatch","2010/2011",0
57,"Frýdek-Místek","Jicín",32,23,"10.4.2011","16 : 13",426,"4 : 1","Adam Kondelka, David Kondelka","Jirí Kekrt","Petr Mazur","Aleš Babák","Vladimír Bohácek","7till12placeMatch","2010/2011",0
58,"Trebon","Prerov",25,22,"2.4.2011","11 : 9",200,"3 : 1","Václav Kohout, Petr Novák","Jan Pavlovský","Zdenek Kubík","Alois Jurík","Michal Kavka","7till12placeMatch","2010/2011",0
59,"Koprivnice","Frýdek-Místek",27,24,"2.4.2011","16 : 10",500,"2 : 1","Petr Halada, Martin Zych","Miroslav Barton","Ivo Vávra","Jirí Kekrt","Petr Mazur","7till12placeMatch","2010/2011",0
60,"Jicín","Brno",34,24,"3.4.2011","15 : 6",250,"5 : 2","Bedrich Frieser, Lukáš Frieser","Aleš Babák","Vladimír Bohácek","Zdenek Missbach","Zdenek Zima","7till12placeMatch","2010/2011",0
61,"Prerov","Dukla",28,41,"25.3.2011","16 : 19",291,"3 : 3","Pavel Novotný, Jirí Vetrovský","Alois Jurík","Michal Kavka","Pavel Pauza","Milan Kotrc","RegularPhaseMatch","2010/2011",0
62,"Trebon","Lovosice",23,27,"25.3.2011","8 : 11",200,"2 : 2","Milan Hájek, Karel Macho","Jan Pavlovský","Zdenek Kubík","Vojtech Srba","Pavel Haken","RegularPhaseMatch","2010/2011",0
63,"Brno","Zubrí",27,37,"26.3.2011","13 : 22",250,"6 : 2","Jirí Opava, Pavel Válek","Zdenek Missbach","Tomáš Petr","Jirí Mika","Michal Balhárek","RegularPhaseMatch","2010/2011",0
64,"Hranice","Koprivnice",31,28,"27.3.2011","18 : 12",200,"3 : 3","Michal Hanák, Jan Kosmák","Jan Hegar","Bretislav Žoch","Miroslav Barton","Ivo Vávra","RegularPhaseMatch","2010/2011",0
65,"Plzen","Karviná",28,18,"27.3.2011","13 : 11",750,"2 : 5","Bedrich Frieser, Lukáš Frieser","Vladimír Haber","Stanislav Raizl","Jozef Hanták","Zdenek Mrózek","RegularPhaseMatch","2010/2011",1
66,"Frýdek-Místek","Jicín",34,29,"27.3.2011","17 : 14",320,"2 : 4","Pavel Nesvadba, Vangelis Simu","Jirí Kekrt","Petr Mazur","Aleš Babák","Vladimír Bohácek","RegularPhaseMatch","2010/2011",0
67,"Jicín","Prerov",37,24,"18.3.2011","19 : 13",615,"0 : 3","Dalibor Pavlát, Petr Pešek","Aleš Babák","Vladimír Bohácek","Alois Jurík","Michal Kavka","RegularPhaseMatch","2010/2011",0
68,"Lovosice","Hranice",27,25,"19.3.2011","13 : 13",800,"2 : 0","Václav Kohout, Petr Novák","Vojtech Srba","Pavel Haken","Jan Hegar","Bretislav Žoch","RegularPhaseMatch","2010/2011",0
69,"Dukla","Brno",37,24,"19.3.2011","18 : 13",130,"4 : 2","Lubomír Kohout, Vladimír Vaník","Pavel Pauza","Milan Kotrc","Zdenek Missbach","Tomáš Petr","RegularPhaseMatch","2010/2011",0
70,"Koprivnice","Frýdek-Místek",30,28,"19.3.2011","13 : 12",700,"1 : 2","Marek Becicka, Jirí Horák","Miroslav Barton","Ivo Vávra","Jirí Kekrt","Petr Mazur","RegularPhaseMatch","2010/2011",0
71,"Zubrí","Plzen",24,21,"20.3.2011","13 : 9",720,"3 : 2","Václav Horácek, Jirí Novotný","Jirí Mika","Michal Balhárek","Vladimír Haber","Stanislav Raizl","RegularPhaseMatch","2010/2011",1
72,"Karviná","Trebon",28,29,"20.3.2011","13 : 12",729,"5 : 4","Adam Kondelka, David Kondelka","Jozef Hanták","Martin Kostelník","Jan Pavlovský","Vladislav Jordák","RegularPhaseMatch","2010/2011",0
73,"Trebon","Zubrí",24,31,"3.3.2011","8 : 14",200,"0 : 3","Lubomír Kohout, Vladimír Vaník","Jan Pavlovský","Zdenek Kubík","Jirí Mika","Michal Balhárek","RegularPhaseMatch","2010/2011",0
74,"Plzen","Dukla",28,18,"4.3.2011","15 : 10",930,"1 : 2","Václav Kohout, Petr Novák","Vladimír Haber","Stanislav Raizl","Pavel Pauza","Milan Kotrc","RegularPhaseMatch","2010/2011",0
75,"Hranice","Karviná",23,27,"5.3.2011","10 : 13",450,"2 : 1","Radoslav Kavulic, Libor Skružný","Jan Hegar","Bretislav Žoch","Jozef Hanták","Zdenek Mrózek","RegularPhaseMatch","2010/2011",1
76,"Jicín","Koprivnice",33,26,"5.3.2011","14 : 10",650,"3 : 2","Milan Hájek, Karel Macho","Aleš Babák","Vladimír Bohácek","Libor Hrabal","Ivo Vávra","RegularPhaseMatch","2010/2011",0
77,"Prerov","Brno",32,28,"6.3.2011","16 : 15",362,"0 : 5","Radoslav Kavulic, Libor Skružný","Alois Jurík","Michal Kavka","Zdenek Missbach","Zdenek Zima","RegularPhaseMatch","2010/2011",0
78,"Frýdek-Místek","Lovosice",35,31,"6.3.2011","18 : 16",315,"1 : 5","Václav Horácek, Jirí Novotný","Jirí Kekrt","Petr Mazur","Vojtech Srba","Pavel Haken","RegularPhaseMatch","2010/2011",0
79,"Dukla","Trebon",24,17,"26.2.2011","14 : 9",125,"1 : 1","Pavel Novotný, Jirí Vetrovský","Pavel Pauza","Jan Krouský","Jan Pavlovský","Zdenek Kubík","RegularPhaseMatch","2010/2011",0
80,"Plzen","Brno",34,19,"26.2.2011","20 : 6",350,"1 : 2","Jirí Opava, Pavel Válek","Vladimír Haber","Stanislav Raizl","Zdenek Missbach",,"RegularPhaseMatch","2010/2011",0
81,"Koprivnice","Prerov",30,35,"26.2.2011","11 : 16",300,"5 : 2","Adam Kondelka, David Kondelka","Libor Hrabal","Ivo Vávra","Alois Jurík","Michal Kavka","RegularPhaseMatch","2010/2011",0
82,"Lovosice","Jicín",32,25,"27.2.2011","16 : 13",824,"3 : 1","Václav Kohout, Petr Novák","Vojtech Srba","Pavel Haken","Aleš Babák","Vladimír Bohácek","RegularPhaseMatch","2010/2011",1
83,"Karviná","Frýdek-Místek",33,30,"27.2.2011","15 : 16",637,"1 : 2","Marek Becicka, Jirí Horák","Jozef Hanták","Martin Kostelník","Jirí Kekrt","Lubomír Kavka","RegularPhaseMatch","2010/2011",0
84,"Hranice","Zubrí",22,26,"27.2.2011","8 : 11",650,"3 : 2","Václav Horácek, Jirí Novotný","Jan Hegar","Bretislav Žoch","Jirí Mika","Michal Balhárek","RegularPhaseMatch","2010/2011",0
85,"Koprivnice","Lovosice",31,31,"19.2.2011","12 : 17",200,"5 : 3","Michal Hanák, Jan Kosmák","Libor Hrabal","Ivo Vávra","Vojtech Srba","Pavel Haken","RegularPhaseMatch","2010/2011",0
86,"Trebon","Brno",32,21,"19.2.2011","19 : 8",430,"2 : 1","Petr Halada, Martin Zych","Jan Pavlovský","Zdenek Kubík","Zdenek Missbach","Zdenek Zima","RegularPhaseMatch","2010/2011",0
87,"Jicín","Karviná",28,28,"19.2.2011","15 : 13",700,"6 : 4","Dalibor Pavlát, Petr Pešek","Aleš Babák","Vladimír Bohácek","Jozef Hanták","Zdenek Mrózek","RegularPhaseMatch","2010/2011",0
88,"Prerov","Plzen",24,38,"20.2.2011","12 : 16",324,"4 : 3","Marek Becicka, Jirí Horák","Alois Jurík","Michal Kavka","Vladimír Haber","Stanislav Raizl","RegularPhaseMatch","2010/2011",0
89,"Hranice","Dukla",33,31,"20.2.2011","14 : 15",350,"1 : 1","Milan Hájek, Karel Macho","Jan Hegar","Bretislav Žoch","Pavel Pauza","Jan Krouský","RegularPhaseMatch","2010/2011",1
90,"Frýdek-Místek","Zubrí",27,34,"20.2.2011","11 : 20",520,"2 : 0","Jirí Opava, Pavel Válek","Jirí Kekrt","Petr Mazur","Jirí Mika","Michal Balhárek","RegularPhaseMatch","2010/2011",0
91,"Plzen","Trebon",41,19,"11.2.2011","18 : 10",400,"0 : 3","Dalibor Pavlát, Petr Pešek","Vladimír Haber","Stanislav Raizl","Jan Pavlovský","Karel Petržala","RegularPhaseMatch","2010/2011",0
92,"Dukla","Frýdek-Místek",28,29,"12.2.2011","16 : 16",140,"3 : 3","Václav Kohout, Petr Novák","Pavel Pauza","Milan Kotrc","Jirí Kekrt","Petr Mazur","RegularPhaseMatch","2010/2011",0
93,"Lovosice","Prerov",36,27,"12.2.2011","14 : 16",658,"2 : 2","Petr Halada, Martin Zych","Vojtech Srba","Pavel Haken","Alois Jurík","Richard Bucek","RegularPhaseMatch","2010/2011",0
94,"Zubrí","Jicín",27,18,"12.2.2011","14 : 11",800,"6 : 0","Michal Hanák, Jan Kosmák","Jirí Mika","Michal Balhárek","Aleš Babák","Vladimír Bohácek","RegularPhaseMatch","2010/2011",1
95,"Hranice","Brno",36,24,"13.2.2011","21 : 9",300,"2 : 3","Marek Becicka, Jirí Horák","Jan Hegar","Bretislav Žoch","Zdenek Missbach","Zdenek Zima","RegularPhaseMatch","2010/2011",0
96,"Karviná","Koprivnice",29,17,"11.3.2011","14 : 8",600,"2 : 2","Adam Kondelka, David Kondelka","Jozef Hanták","Martin Kostelník","Miroslav Barton","Ivo Vávra","RegularPhaseMatch","2010/2011",0
97,"Jicín","Dukla",18,24,"5.2.2011","9 : 11",700,"3 : 4","Lubomír Kohout, Vladimír Vaník","Aleš Babák","Vladimír Bohácek","Pavel Pauza","Jan Krouský","RegularPhaseMatch","2010/2011",0
98,"Koprivnice","Zubrí",25,28,"5.2.2011","11 : 17",300,"4 : 3","Pavel Novotný, Jirí Vetrovský","Libor Hrabal","Ivo Vávra","Jirí Mika","Michal Balhárek","RegularPhaseMatch","2010/2011",0
99,"Lovosice","Karviná",37,25,"6.2.2011","18 : 9",900,"0 : 1","Radoslav Kavulic, Libor Skružný","Vojtech Srba","Pavel Haken","Jozef Hanták","Zdenek Mrózek","RegularPhaseMatch","2010/2011",1
100,"Hranice","Plzen",28,24,"6.2.2011","14 : 11",350,"2 : 0","Adam Kondelka, David Kondelka","Jan Hegar","Bretislav Žoch","Vladimír Haber","Stanislav Raizl","RegularPhaseMatch","2010/2011",0
101,"Frýdek-Místek","Brno",38,22,"6.2.2011","19 : 11",490,"1 : 4","Pavel Nesvadba, Vangelis Simu","Jirí Kekrt","Petr Mazur","Zdenek Missbach","Zdenek Zima","RegularPhaseMatch","2010/2011",0
102,"Prerov","Trebon",34,30,"6.2.2011","20 : 12",261,"0 : 3","Václav Horácek, Jirí Novotný","Alois Jurík","Michal Kavka","Jan Pavlovský","Vladislav Jordák","RegularPhaseMatch","2010/2011",0
103,"Dukla","Koprivnice",34,24,"11.12.2010","18 : 12",120,"1 : 4","Dalibor Pavlát, Petr Pešek","Pavel Pauza","Milan Kotrc","Libor Hrabal","Jirí Gres","RegularPhaseMatch","2010/2011",0
104,"Brno","Jicín",24,24,"11.12.2010","15 : 11",178,"6 : 6","Radoslav Kavulic, Libor Skružný","Zdenek Missbach","Zdenek Zima","Aleš Babák","Vladimír Bohácek","RegularPhaseMatch","2010/2011",0
105,"Zubrí","Lovosice",33,24,"11.12.2010","18 : 13",800,"4 : 3","Václav Horácek, Jirí Novotný","Jirí Mika","Michal Balhárek","Vojtech Srba","Pavel Haken","RegularPhaseMatch","2010/2011",1
106,"Karviná","Prerov",40,25,"12.12.2010","20 : 19",430,"3 : 5","Pavel Novotný, Jirí Vetrovský","Jozef Hanták","Martin Kostelník","Miroslav Frank","Richard Bucek","RegularPhaseMatch","2010/2011",0
107,"Hranice","Trebon",34,23,"12.12.2010","16 : 13",300,"3 : 1","Václav Horácek, Jirí Novotný","Jan Hegar","Bretislav Žoch","Jan Pavlovský","Zdenek Kubík","RegularPhaseMatch","2010/2011",0
108,"Plzen","Frýdek-Místek",39,27,"29.1.2011","19 : 14",550,"3 : 0","Radoslav Kavulic, Libor Skružný","Vladimír Haber","Stanislav Raizl","Jirí Kekrt","Petr Mazur","RegularPhaseMatch","2010/2011",0
109,"Jicín","Plzen",22,20,"3.12.2010","11 : 13",600,"1 : 1","Pavel Nesvadba, Vangelis Simu","Aleš Babák","Vladimír Bohácek","Vladimír Haber","Stanislav Raizl","RegularPhaseMatch","2010/2011",0
110,"Lovosice","Dukla",31,28,"4.12.2010","15 : 14",1010,"5 : 2","Radoslav Kavulic, Libor Skružný","Vojtech Srba","Pavel Haken","Pavel Pauza","Daniel Curda","RegularPhaseMatch","2010/2011",0
111,"Koprivnice","Brno",26,25,"4.12.2010","14 : 13",200,"1 : 4","Lubomír Kohout, Vladimír Vaník","Libor Hrabal","Ivo Vávra","Zdenek Missbach","Zdenek Zima","RegularPhaseMatch","2010/2011",0
112,"Karviná","Zubrí",29,24,"5.12.2010","10 : 10",879,"4 : 2","Milan Hájek, Karel Macho","Jozef Hanták","Martin Kostelník","Jirí Mika","Michal Balhárek","RegularPhaseMatch","2010/2011",1
113,"Hranice","Prerov",31,24,"5.12.2010","16 : 12",320,"1 : 3","Petr Halada, Martin Zych","Jan Hegar","Bretislav Žoch","Miroslav Frank","Michal Kavka","RegularPhaseMatch","2010/2011",0
114,"Frýdek-Místek","Trebon",37,24,"5.12.2010","16 : 11",315,"3 : 0","Adam Kondelka, David Kondelka","Jirí Kekrt","Petr Mazur","Jan Pavlovský","Zdenek Kubík","RegularPhaseMatch","2010/2011",0
115,"Dukla","Karviná",32,28,"24.11.2010","18 : 13",280,"2 : 2","Jirí Opava, Pavel Válek","Pavel Pauza","Milan Kotrc","Jozef Hanták","Roman Farár","RegularPhaseMatch","2010/2011",0
116,"Plzen","Koprivnice",32,25,"24.11.2010","17 : 9",610,"2 : 7","Petr Halada, Martin Zych","Vladimír Haber","Stanislav Raizl","Libor Hrabal","Ivo Vávra","RegularPhaseMatch","2010/2011",0
117,"Brno","Lovosice",23,38,"27.11.2010","11 : 15",320,"1 : 3","Lubomír Kohout, Vladimír Vaník","Zdenek Missbach","Zdenek Zima","Vojtech Srba","Pavel Haken","RegularPhaseMatch","2010/2011",0
118,"Zubrí","Prerov",33,20,"27.11.2010","19 : 12",700,"1 : 1","Marek Becicka, Jirí Horák","Jirí Mika","Michal Balhárek","Miroslav Frank","Michal Kavka","RegularPhaseMatch","2010/2011",0
119,"Hranice","Frýdek-Místek",31,26,"28.11.2010","18 : 9",300,"0 : 0","Pavel Novotný, Jirí Vetrovský","Jan Hegar","Bretislav Žoch","Jirí Kekrt","Petr Mazur","RegularPhaseMatch","2010/2011",0
120,"Trebon","Jicín",21,31,"28.11.2010","10 : 19",250,"2 : 3","Bedrich Frieser, Lukáš Frieser","Jan Pavlovský","Zdenek Kubík","Aleš Babák","Vladimír Bohácek","RegularPhaseMatch","2010/2011",0
121,"Karviná","Brno",38,30,"28.10.2010","22 : 18",683,"1 : 3","Michal Hanák, Jan Kosmák","Jozef Hanták","Martin Kostelník","Zdenek Missbach","Josef Cikán","RegularPhaseMatch","2010/2011",0
122,"Lovosice","Plzen",33,22,"20.11.2010","16 : 9",753,"2 : 2","Pavel Nesvadba, Vangelis Simu","Vojtech Srba","Pavel Haken","Vladimír Haber","Stanislav Raizl","RegularPhaseMatch","2010/2011",0
123,"Koprivnice","Trebon",29,31,"20.11.2010","14 : 17",300,"2 : 3","Marek Becicka, Jirí Horák","Libor Hrabal","Ivo Vávra","Jan Pavlovský","Zdenek Kubík","RegularPhaseMatch","2010/2011",0
124,"Zubrí","Dukla",24,26,"21.11.2010","14 : 12",980,"4 : 1","Václav Kohout, Petr Novák","Jirí Mika","Michal Balhárek","Pavel Pauza","Jan Krouský","RegularPhaseMatch","2010/2011",1
125,"Hranice","Jicín",32,17,"21.11.2010","17 : 10",350,"3 : 3","Lubomír Kohout, Vladimír Vaník","Jan Hegar","Bretislav Žoch","Aleš Babák","Vladimír Bohácek","RegularPhaseMatch","2010/2011",0
126,"Prerov","Frýdek-Místek",32,29,"21.11.2010","19 : 16",251,"1 : 2","Michal Hanák, Jan Kosmák","Miroslav Frank","Michal Kavka","Jirí Kekrt","Petr Mazur","RegularPhaseMatch","2010/2011",0
127,"Dukla","Prerov",44,26,"13.11.2010","22 : 12",210,"4 : 3","Milan Hájek, Karel Macho","Pavel Pauza","Jan Krouský","Miroslav Frank","Michal Kavka","RegularPhaseMatch","2010/2011",0
128,"Karviná","Plzen",25,24,"13.11.2010","10 : 10",892,"4 : 0","Václav Kohout, Petr Novák","Jozef Hanták","Martin Kostelník","Vladimír Haber","Stanislav Raizl","RegularPhaseMatch","2010/2011",1
129,"Lovosice","Trebon",40,24,"13.11.2010","21 : 8",500,"2 : 3","Jirí Opava, Pavel Válek","Vojtech Srba","Pavel Haken","Jan Pavlovský","Zdenek Kubík","RegularPhaseMatch","2010/2011",0
130,"Jicín","Frýdek-Místek",32,19,"13.11.2010","17 : 8",500,"3 : 2","Václav Horácek, Jirí Novotný","Aleš Babák","Vladimír Bohácek","Jirí Kekrt","Petr Mazur","RegularPhaseMatch","2010/2011",0
131,"Zubrí","Brno",38,28,"13.11.2010","22 : 18",850,"5 : 7","Pavel Nesvadba, Vangelis Simu","Jirí Mika","Michal Balhárek","Zdenek Missbach","Zdenek Zima","RegularPhaseMatch","2010/2011",0
132,"Koprivnice","Hranice",28,27,"13.11.2010","12 : 11",300,"1 : 2","Bedrich Frieser, Lukáš Frieser","Libor Hrabal","Ivo Vávra","Jan Hegar","Bretislav Žoch","RegularPhaseMatch","2010/2011",0
133,"Trebon","Karviná",32,43,"2.11.2010","15 : 21",200,"2 : 2","Lubomír Kohout, Vladimír Vaník","Jan Pavlovský","Zdenek Kubík","Jozef Hanták","Martin Kostelník","RegularPhaseMatch","2010/2011",0
134,"Hranice","Lovosice",23,29,"10.11.2010","11 : 14",500,"2 : 1","Václav Horácek, Jirí Novotný","Jan Hegar","Bretislav Žoch","Vojtech Srba","Pavel Haken","RegularPhaseMatch","2010/2011",0
135,"Frýdek-Místek","Koprivnice",37,25,"10.11.2010","20 : 9",446,"1 : 3","Milan Hájek, Karel Macho","Jirí Kekrt","Petr Mazur","Libor Hrabal","Ivo Vávra","RegularPhaseMatch","2010/2011",0
136,"Prerov","Jicín",29,27,"10.11.2010","13 : 13",300,"5 : 3","Dalibor Pavlát, Petr Pešek","Miroslav Frank","Michal Kavka","Aleš Babák","Vladimír Bohácek","RegularPhaseMatch","2010/2011",0
137,"Brno","Dukla",27,39,"10.11.2010","13 : 19",410,"6 : 1","Václav Kohout, Petr Novák","Zdenek Missbach","Zdenek Zima","Pavel Pauza","Jan Krouský","RegularPhaseMatch","2010/2011",0
138,"Plzen","Zubrí",23,24,"10.11.2010","12 : 14",1000,"3 : 3","Jirí Opava, Pavel Válek","Vladimír Haber","Stanislav Raizl","Jirí Mika","Michal Balhárek","RegularPhaseMatch","2010/2011",0
139,"Brno","Prerov",29,25,"31.10.2010","16 : 12",408,"3 : 7","Petr Halada, Martin Zych","Zdenek Missbach","Zdenek Zima","Miroslav Frank","Michal Kavka","RegularPhaseMatch","2010/2011",1
140,"Lovosice","Frýdek-Místek",32,26,"6.11.2010","15 : 10",425,"1 : 2","Lubomír Kohout, Vladimír Vaník","Vojtech Srba","Pavel Haken","Jirí Kekrt","Petr Mazur","RegularPhaseMatch","2010/2011",0
141,"Zubrí","Trebon",35,22,"6.11.2010","15 : 8",500,"5 : 1","Pavel Novotný, Jirí Vetrovský","Jirí Mika","Michal Balhárek","Jan Pavlovský","Vladislav Jordák","RegularPhaseMatch","2010/2011",0
142,"Koprivnice","Jicín",25,25,"6.11.2010","13 : 14",200,"4 : 3","Václav Horácek, Jirí Novotný","Libor Hrabal","Ivo Vávra","Aleš Babák","Vladimír Bohácek","RegularPhaseMatch","2010/2011",0
143,"Dukla","Plzen",24,23,"7.11.2010","11 : 10",225,"1 : 4","Radoslav Kavulic, Libor Skružný","Pavel Pauza","Milan Kotrc","Vladimír Haber","Stanislav Raizl","RegularPhaseMatch","2010/2011",1
144,"Karviná","Hranice",24,20,"7.11.2010","12 : 10",836,"0 : 2","Marek Becicka, Jirí Horák","Jozef Hanták","Martin Kostelník","Jan Hegar","Bretislav Žoch","RegularPhaseMatch","2010/2011",0
145,"Trebon","Dukla",22,35,"23.10.2010","12 : 16",445,"1 : 3","Pavel Válek, Jirí Opava","Jan Pavlovský","Zdenek Kubík","Pavel Pauza","Milan Kotrc","RegularPhaseMatch","2010/2011",0
146,"Brno","Plzen",28,45,"23.10.2010","14 : 22",420,"2 : 1","Lukáš Frieser, Bedrich Frieser","Zdenek Missbach","Zdenek Zima","Vladimír Haber","Stanislav Raizl","RegularPhaseMatch","2010/2011",0
147,"Zubrí","Hranice",33,29,"23.10.2010","19 : 15",800,"3 : 0","Karel Macho, Milan Hájek","Jirí Mika","Aleš Korínek","Jan Hegar","Bretislav Žoch","RegularPhaseMatch","2010/2011",0
148,"Jicín","Lovosice",28,33,"24.10.2010","16 : 14",600,"0 : 2","Jirí Horák, Marek Becicka","Aleš Babák","Vladimír Bohácek","Vojtech Srba","Pavel Haken","RegularPhaseMatch","2010/2011",1
149,"Prerov","Koprivnice",25,30,"24.10.2010","16 : 17",246,"0 : 0","Petr Novák, Václav Kohout","Miroslav Frank","Michal Kavka","Libor Hrabal","Ivo Vávra","RegularPhaseMatch","2010/2011",0
150,"Frýdek-Místek","Karviná",25,26,"24.10.2010","11 : 11",564,"6 : 0","Pavel Nesvadba, Vangelis Simu","Jirí Kekrt","Petr Mazur","Jozef Hanták","Roman Farár","RegularPhaseMatch","2010/2011",0
151,"Lovosice","Koprivnice",33,24,"16.10.2010","19 : 13",250,"2 : 1","Dalibor Pavlát, Petr Pešek","Vojtech Srba","Pavel Haken","Libor Hrabal","Ivo Vávra","RegularPhaseMatch","2010/2011",0
152,"Brno","Trebon",35,29,"16.10.2010","20 : 14",0,"3 : 3","Milan Hájek, Karel Macho","Zdenek Missbach","Zdenek Zima","Jan Pavlovský","Zdenek Kubík","RegularPhaseMatch","2010/2011",0
153,"Zubrí","Frýdek-Místek",31,30,"16.10.2010","18 : 13",750,"2 : 2","Marek Becicka, Jirí Horák","Jirí Mika","Aleš Korínek","Jirí Kekrt","Petr Mazur","RegularPhaseMatch","2010/2011",0
154,"Dukla","Hranice",24,26,"17.10.2010","12 : 14",110,"4 : 2","Bedrich Frieser, Lukáš Frieser","Pavel Pauza","Milan Kotrc","Jan Hegar","Bretislav Žoch","RegularPhaseMatch","2010/2011",1
155,"Karviná","Jicín",24,24,"17.10.2010","17 : 14",726,"0 : 3","Pavel Novotný, Jirí Vetrovský","Jozef Hanták","Roman Farár","Aleš Babák","Vladimír Bohácek","RegularPhaseMatch","2010/2011",0
156,"Plzen","Prerov",40,25,"17.10.2010","19 : 12",500,"2 : 2","Michal Hanák, Jan Kosmák","Vladimír Haber","Stanislav Raizl","Miroslav Frank","Michal Kavka","RegularPhaseMatch","2010/2011",0
157,"Frýdek-Místek","Dukla",30,28,"13.10.2010","15 : 17",242,"3 : 3","Jirí Novotný, Václav Horácek","Jirí Kekrt","Petr Mazur","Pavel Pauza","Milan Kotrc","RegularPhaseMatch","2010/2011",0
158,"Jicín","Zubrí",27,19,"13.10.2010","13 : 8",580,"5 : 3","Jirí Opava, Pavel Válek","Aleš Babák","Vladimír Bohácek","Jirí Mika","Michal Balhárek","RegularPhaseMatch","2010/2011",0
159,"Koprivnice","Karviná",27,33,"13.10.2010","11 : 18",200,"2 : 1","Marek Becicka, Jirí Horák","Libor Hrabal","Ivo Vávra","Jozef Hanták","Roman Farár","RegularPhaseMatch","2010/2011",0
160,"Prerov","Lovosice",26,33,"13.10.2010","15 : 18",148,"3 : 3","David Kondelka, Adam Kondelka","Miroslav Frank","Michal Kavka","Vojtech Srba","Pavel Haken","RegularPhaseMatch","2010/2011",0
161,"Trebon","Plzen",25,31,"13.10.2010","13 : 11",360,"3 : 0","Dalibor Pavlát, Petr Pešek","Jan Pavlovský","Zdenek Kubík","Vladimír Haber","Stanislav Raizl","RegularPhaseMatch","2010/2011",0
162,"Brno","Hranice",28,36,"13.10.2010","14 : 16",243,"1 : 2","Vangelis Simu, Pavel Nesvadba","Zdenek Missbach","Zdenek Zima","Jan Hegar","Bretislav Žoch","RegularPhaseMatch","2010/2011",0
163,"Dukla","Jicín",30,21,"6.10.2010","16 : 7",128,"1 : 2","Karel Macho, Milan Hájek","Pavel Pauza","Milan Kotrc","Aleš Babák","Vladimír Bohácek","RegularPhaseMatch","2010/2011",0
164,"Zubrí","Koprivnice",37,24,"6.10.2010","20 : 9",500,"5 : 2","Michal Hanák, Jan Kosmák","Jirí Mika","Aleš Korínek","Libor Hrabal","Ivo Vávra","RegularPhaseMatch","2010/2011",0
165,"Karviná","Lovosice",27,27,"9.10.2010","16 : 15",600,"2 : 2","Pavel Nesvadba, Vangelis Simu","Jozef Hanták","Roman Farár","Vojtech Srba","Pavel Haken","RegularPhaseMatch","2010/2011",1
166,"Trebon","Prerov",26,25,"9.10.2010","14 : 11",335,"2 : 1","Pavel Novotný, Jirí Vetrovský","Jan Pavlovský","Zdenek Kubík","Miroslav Frank","Michal Kavka","RegularPhaseMatch","2010/2011",0
167,"Brno","Frýdek-Místek",35,33,"9.10.2010","17 : 17",455,"5 : 6","Dalibor Pavlát, Petr Pešek","Zdenek Missbach","Zdenek Zima","Jirí Kekrt","Petr Mazur","RegularPhaseMatch","2010/2011",0
168,"Plzen","Hranice",24,26,"9.10.2010","13 : 12",650,"1 : 1","Libor Skružný, Radoslav Kavulic","Vladimír Haber","Stanislav Raizl","Jan Hegar","Bretislav Žoch","RegularPhaseMatch","2010/2011",0
169,"Koprivnice","Dukla",20,33,"30.9.2010","8 : 15",300,"0 : 1","Václav Horácek, Jirí Novotný","Libor Hrabal","Zdenek Kovalák","Pavel Pauza","Milan Kotrc","RegularPhaseMatch","2010/2011",0
170,"Trebon","Hranice",23,23,"2.10.2010","11 : 12",300,"2 : 1","Petr Halada, Martin Zych","Jan Pavlovský","Zdenek Kubík","Jan Hegar","Bretislav Žoch","RegularPhaseMatch","2010/2011",0
171,"Prerov","Karviná",34,40,"3.10.2010","17 : 24",282,"2 : 2","Radoslav Kavulic, Libor Skružný","Miroslav Frank","Richard Bucek","Jozef Hanták","Roman Farár","RegularPhaseMatch","2010/2011",1
172,"Frýdek-Místek","Plzen",23,35,"3.10.2010","10 : 17",272,"4 : 1","Jan Kosmák, Michal Hanák","Jirí Kekrt","Petr Mazur","Vladimír Haber","Stanislav Raizl","RegularPhaseMatch","2010/2011",0
173,"Jicín","Brno",34,28,"3.10.2010","17 : 12",550,"2 : 1","Adam Kondelka, David Kondelka","Aleš Babák","Vladimír Bohácek","Zdenek Missbach","Zdenek Zima","RegularPhaseMatch","2010/2011",0
174,"Lovosice","Zubrí",25,22,"3.11.2010","14 : 11",450,"1 : 2","Petr Novák, Václav Kohout","Vojtech Srba","Pavel Haken","Jirí Mika","Michal Balhárek","RegularPhaseMatch","2010/2011",0
175,"Dukla","Lovosice",30,25,"25.9.2010","11 : 11",280,"1 : 3","Jan Kosmák, Michal Hanák","Pavel Pauza","Milan Kotrc","Vojtech Srba","Pavel Haken","RegularPhaseMatch","2010/2011",0
176,"Trebon","Frýdek-Místek",33,20,"25.9.2010","17 : 8",300,"3 : 3","Bedrich Frieser, Lukáš Frieser","Jan Pavlovský","Vladislav Jordák","Jirí Kekrt","Petr Mazur","RegularPhaseMatch","2010/2011",0
177,"Brno","Koprivnice",40,23,"25.9.2010","19 : 7",400,"1 : 2","Jirí Horák, Marek Becicka","Zdenek Missbach","Jirí Hruza","Libor Hrabal","Ivo Vávra","RegularPhaseMatch","2010/2011",0
178,"Plzen","Jicín",26,23,"25.9.2010","11 : 11",450,"2 : 4","Petr Pešek, Dalibor Pavlát","Vladimír Haber","Stanislav Raizl","Aleš Babák","Vladimír Bohácek","RegularPhaseMatch","2010/2011",0
179,"Zubrí","Karviná",23,22,"26.9.2010","12 : 11",800,"4 : 7","Václav Horácek, Jirí Novotný","Jirí Mika","Aleš Korínek","Jozef Hanták","Roman Farár","RegularPhaseMatch","2010/2011",1
180,"Prerov","Hranice",23,27,"26.9.2010","8 : 14",261,"3 : 0","Pavel Nesvadba, Vangelis Simu","Miroslav Frank","Michal Kavka","Jan Hegar","Bretislav Žoch","RegularPhaseMatch","2010/2011",0
181,"Jicín","Trebon",28,24,"18.9.2010","15 : 12",600,"2 : 3","Radoslav Kavulic, Libor Skružný","Aleš Babák","Vladimír Bohácek","Jan Pavlovský","Zdenek Kubík","RegularPhaseMatch","2010/2011",1
182,"Lovosice","Brno",32,20,"18.9.2010","19 : 7",280,"4 : 1","Milan Hájek, Karel Macho","Vojtech Srba","Pavel Haken","Zdenek Missbach","Zdenek Zima","RegularPhaseMatch","2010/2011",0
183,"Koprivnice","Plzen",30,34,"18.9.2010","15 : 16",500,"1 : 3","David Kondelka, Adam Kondelka","Libor Hrabal","Ivo Vávra","Vladimír Haber","Stanislav Raizl","RegularPhaseMatch","2010/2011",0
184,"Karviná","Dukla",30,20,"19.9.2010","16 : 9",875,"4 : 1","Petr Pešek, Dalibor Pavlát","Jozef Hanták","Roman Farár","Pavel Pauza","Jan Krouský","RegularPhaseMatch","2010/2011",0
185,"Prerov","Zubrí",24,28,"19.9.2010","12 : 17",326,"3 : 1","Michal Hanák, Jan Kosmák","Miroslav Frank","Michal Kavka","Jirí Mika","Aleš Korínek","RegularPhaseMatch","2010/2011",0
186,"Frýdek-Místek","Hranice",25,31,"19.9.2010","16 : 16",387,"2 : 3","Marek Becicka, Jirí Horák","Jirí Kekrt","Petr Mazur","Jan Hegar","Bretislav Žoch","RegularPhaseMatch","2010/2011",0
187,"Plzen","Lovosice",27,22,"11.9.2010","13 : 12",400,"1 : 3","Václav Kohout, Petr Novák","Vladimír Haber","Vladimír Eberle","Vojtech Srba","Pavel Haken","RegularPhaseMatch","2010/2011",0
188,"Trebon","Koprivnice",32,27,"11.9.2010","18 : 14",250,"3 : 3","Karel Macho, Milan Hájek","Jan Pavlovský","Zdenek Kubík","Libor Hrabal","Ivo Vávra","RegularPhaseMatch","2010/2011",0
189,"Brno","Karviná",30,31,"11.9.2010","13 : 15",460,"2 : 6","Pavel Nesvadba, Vangelis Simu","Zdenek Missbach","Zdenek Zima","Jozef Hanták","Roman Farár","RegularPhaseMatch","2010/2011",0
190,"Frýdek-Místek","Prerov",22,33,"12.9.2010","13 : 18",436,"0 : 1","Adam Kondelka, David Kondelka","Jirí Kekrt","Petr Mazur","Miroslav Frank","Michal Kavka","RegularPhaseMatch","2010/2011",0
191,"Jicín","Hranice",20,18,"12.9.2010","8 : 10",450,"4 : 0","Jirí Opava, Pavel Válek","Aleš Babák","Vladimír Bohácek","Jan Hegar","Lumír Zátopek","RegularPhaseMatch","2010/2011",0
192,"Dukla","Zubrí",34,27,"20.10.2010","20 : 12",145,"3 : 2","Jirí Opava, Pavel Válek","Pavel Pauza","Milan Kotrc","Jirí Mika","Aleš Korínek","RegularPhaseMatch","2010/2011",0
