"Home.Team.Name","Away.Team.Name","Home.Team.Goals","Away.Team.Goals","Match.Date","Halftime.Score","Attendance","Seven.m.goals","Referees","Home.Coach","Home.Assistant","Away.Coach","Away.Assistant","Phase"
"Lovosice","Hranice",32,29,"25.5.2014","12 : 17","421","1 : 2","Radoslav Kavulic, Libor Skružný","Vladimír Šuma","Pavel Haken","Libor Hrabal","Martin Schober","1till6placeMatch"
"Dukla","Jicín",26,18,"25.5.2014","14 : 6","130","2 : 5","Bedrich Frieser, Lukáš Frieser","Jirí Kotrc","Daniel Curda","Aleš Babák","Petr Kyncl","1till6placeMatch"
"Plzen","Frýdek-Místek",30,27,"25.5.2014","15 : 13","520","0 : 1","Bohumil Bruna, Petr Halada","Martin Šetlík","Stanislav Raizl","Aleš Chrastina","Petr Mazur","1till6placeMatch"
"Frýdek-Místek","Dukla",17,26,"17.5.2014","9 : 11","432","5 : 4","Martin Kosa, Pavel Švidernoch","Aleš Chrastina","Petr Mazur","Jirí Kotrc","Daniel Curda","1till6placeMatch"
"Jicín","Lovosice",27,27,"17.5.2014","14 : 14","460","2 : 3","Milan Hájek, Karel Macho","Aleš Babák","Petr Kyncl","Vladimír Šuma","Pavel Haken","1till6placeMatch"
"Hranice","Plzen",28,23,"17.5.2014","12 : 10","215","4 : 0","Jirí Opava, Pavel Válek","Libor Hrabal","Martin Schober","Martin Šetlík","Stanislav Raizl","1till6placeMatch"
"Dukla","Lovosice",29,21,"10.5.2014","11 : 11","155","2 : 3","Marek Becicka, Jirí Horák","Jirí Kotrc","Daniel Curda","Vladimír Šuma","Pavel Haken","1till6placeMatch"
"Plzen","Jicín",30,18,"11.5.2014","17 : 10","1150","1 : 3","Jirí Králícek, Milan Letev","Martin Šetlík","Stanislav Raizl","Aleš Babák","Petr Kyncl","1till6placeMatch"
"Frýdek-Místek","Hranice",26,27,"11.5.2014","11 : 12","498","3 : 4","Václav Horácek, Jirí Novotný","Aleš Chrastina","Petr Mazur","Libor Hrabal","Tomáš Galus","1till6placeMatch"
"Lovosice","Plzen",28,29,"3.5.2014","17 : 12","650","0 : 0","Václav Horácek, Jirí Novotný","Vladimír Šuma","Pavel Haken","Martin Šetlík","Stanislav Raizl","1till6placeMatch"
"Hranice","Dukla",22,20,"4.5.2014","11 : 12","320","2 : 1","Milan Hájek, Karel Macho","Libor Hrabal","Martin Schober","Pavel Pauza","Jirí Kotrc","1till6placeMatch"
"Jicín","Frýdek-Místek",25,23,"4.5.2014","13 : 11","490","3 : 0","Radoslav Kavulic, Libor Skružný","Aleš Babák","Petr Kyncl","Aleš Chrastina","Petr Mazur","1till6placeMatch"
"Hranice","Jicín",26,21,"26.4.2014","16 : 10","190","1 : 3","Jirí Opava, Pavel Válek","Libor Hrabal","Martin Schober","Aleš Babák","Petr Kyncl","1till6placeMatch"
"Dukla","Plzen",13,18,"26.4.2014","9 : 10","210","0 : 1","Dalibor Pavlát, Ludek Tocík","Pavel Pauza","Jirí Kotrc","Martin Šetlík","Stanislav Raizl","1till6placeMatch"
"Frýdek-Místek","Lovosice",25,28,"27.4.2014","9 : 16","478","2 : 4","Marek Becicka, Jirí Horák","Aleš Chrastina","Petr Mazur","Vladimír Šuma","Pavel Haken","1till6placeMatch"
"Frýdek-Místek","Plzen",23,31,"18.4.2014","12 : 15","495","1 : 1","Jirí Králícek, Milan Letev","Aleš Chrastina","Petr Mazur","Martin Šetlík","Stanislav Raizl","1till6placeMatch"
"Jicín","Dukla",23,20,"18.4.2014","13 : 9","565","3 : 1","Václav Horácek, Jirí Novotný","Aleš Babák","Petr Kyncl","Pavel Pauza","Jirí Kotrc","1till6placeMatch"
"Hranice","Lovosice",29,27,"20.4.2014","15 : 13","290","2 : 4","Radoslav Kavulic, Libor Skružný","Libor Hrabal","Martin Schober","Vladimír Šuma","Pavel Haken","1till6placeMatch"
"Dukla","Frýdek-Místek",28,27,"12.4.2014","10 : 13","110","2 : 2","Jirí Opava, Pavel Válek","Pavel Pauza","Jirí Kotrc","Aleš Chrastina","Petr Mazur","1till6placeMatch"
"Lovosice","Jicín",28,23,"12.4.2014","13 : 10","523","3 : 3","Milan Hájek, Karel Macho","Vladimír Šuma","Pavel Haken","Aleš Babák","Petr Kyncl","1till6placeMatch"
"Plzen","Hranice",29,22,"13.4.2014","16 : 8","1070","2 : 4","Bedrich Frieser, Lukáš Frieser","Martin Šetlík","Stanislav Raizl","Libor Hrabal","Martin Schober","1till6placeMatch"
"Lovosice","Dukla",26,20,"29.3.2014","12 : 8","452","1 : 1","Michal Nezbeda, Václav Zelenka","Vladimír Šuma","Pavel Haken","Pavel Pauza","Jirí Kotrc","1till6placeMatch"
"Jicín","Plzen",21,22,"29.3.2014","9 : 11","615","4 : 3","Dalibor Pavlát, Ludek Tocík","Aleš Babák","Petr Kyncl","Martin Šetlík","Stanislav Raizl","1till6placeMatch"
"Hranice","Frýdek-Místek",25,24,"30.3.2014","12 : 13","220","4 : 3","Milan Hájek, Karel Macho","Libor Hrabal","Martin Schober","Aleš Chrastina","Petr Mazur","1till6placeMatch"
"Dukla","Hranice",21,22,"22.3.2014","11 : 12","190","1 : 0","Dalibor Pavlát, Ludek Tocík","Pavel Pauza","Jirí Kotrc","Libor Hrabal","Martin Schober","1till6placeMatch"
"Plzen","Lovosice",30,28,"23.3.2014","19 : 13","960","2 : 3","Václav Horácek, Jirí Novotný","Martin Šetlík","Stanislav Raizl","Vladimír Šuma","Pavel Haken","1till6placeMatch"
"Frýdek-Místek","Jicín",24,23,"23.3.2014","11 : 13","512","1 : 2","Bedrich Frieser, Lukáš Frieser","Aleš Chrastina","Petr Mazur","Aleš Babák","Petr Kyncl","1till6placeMatch"
"Plzen","Dukla",26,22,"14.3.2014","12 : 11","980","6 : 3","Jirí Opava, Pavel Válek","Martin Šetlík","Stanislav Raizl","Pavel Pauza","Jirí Kotrc","1till6placeMatch"
"Lovosice","Frýdek-Místek",23,21,"15.3.2014","12 : 13","500","1 : 1","Radoslav Kavulic, Libor Skružný","Vladimír Šuma","Pavel Haken","Aleš Chrastina","Petr Mazur","1till6placeMatch"
"Jicín","Hranice",18,24,"15.3.2014","9 : 10","640","0 : 2","Václav Horácek, Jirí Novotný","Aleš Babák","Petr Kyncl","Libor Hrabal","Martin Schober","1till6placeMatch"
"KP Brno","Zubrí",26,24,"24.5.2014","16 : 12","137","3 : 2","Milan Hájek, Karel Macho","Jan Hegar","Gabriela Topinková","Jirí Kekrt","Ivo Tovaryš","7till12placeMatch"
"Koprivnice","Zlín",38,30,"25.5.2014","18 : 13","100","5 : 2","Marek Becicka, Jirí Horák","Jaromír Petrek","Ivo Vávra","Andrej Titkov","Petr Novák","7till12placeMatch"
"Karviná","Prerov",28,22,"25.5.2014","14 : 15","128","3 : 4","Jirí Králícek, Milan Letev","Marek Michalisko","Radek Gumolka","Kamil Zemánek","Richard Bucek","7till12placeMatch"
"Prerov","Koprivnice",33,28,"17.5.2014","17 : 11","145","1 : 4","Václav Horácek, Jirí Novotný","Kamil Zemánek","Richard Bucek","Jaromír Petrek","Ivo Vávra","7till12placeMatch"
"Zlín","KP Brno",29,26,"17.5.2014","16 : 18","280","1 : 1","Radoslav Kavulic, Libor Skružný","Andrej Titkov","Petr Novák","Jan Hegar","Gabriela Topinková","7till12placeMatch"
"Zubrí","Karviná",39,25,"18.5.2014","22 : 14","650","1 : 0","Marek Becicka, Jirí Horák","Jirí Kekrt","Michal Balhárek","Marek Michalisko","Petr Raszyk","7till12placeMatch"
"Koprivnice","KP Brno",28,26,"10.5.2014","13 : 10","150","1 : 7","Jirí Vetrovský, Martin Zych","Jaromír Petrek","Ivo Vávra","Jan Hegar","Gabriela Topinková","7till12placeMatch"
"Prerov","Zubrí",31,33,"11.5.2014","13 : 14","177","2 : 0","Michal Nezbeda, Václav Zelenka","Kamil Zemánek","Jirí Mužík","Jirí Kekrt","Ivo Tovaryš","7till12placeMatch"
"Karviná","Zlín",27,26,"11.5.2014","12 : 14","492","2 : 0","Tomáš Kozler, Vladimír Vaník","Marek Michalisko","Radek Gumolka","Andrej Titkov","Petr Novák","7till12placeMatch"
"Zlín","Prerov",37,29,"30.4.2014","16 : 11","190","4 : 5","Bohumil Bruna, Petr Halada","Andrej Titkov","Petr Novák","Kamil Zemánek","Richard Bucek","7till12placeMatch"
"Zubrí","Koprivnice",32,23,"3.5.2014","15 : 12","650","2 : 1","Jirí Opava, Pavel Válek","Jirí Kekrt","Michal Balhárek","Jaromír Petrek","Ivo Vávra","7till12placeMatch"
"KP Brno","Karviná",26,26,"8.5.2014","14 : 12","227","4 : 5","Michal Hanák, Jirí Novotný","Jan Hegar","Zdenek Zima","Marek Michalisko","Petr Raszyk","7till12placeMatch"
"Prerov","KP Brno",31,28,"25.4.2014","16 : 17","65","5 : 1","Michal Hanák, Jirí Novotný","Kamil Zemánek","Richard Bucek","Jan Hegar","Zdenek Zima","7till12placeMatch"
"Koprivnice","Karviná",30,31,"26.4.2014","13 : 18","180","5 : 4","Bedrich Frieser, Lukáš Frieser","Jaromír Petrek","Ivo Vávra","Marek Michalisko","Radek Gumolka","7till12placeMatch"
"Zlín","Zubrí",31,28,"27.4.2014","16 : 16","250","2 : 5","Milan Hájek, Karel Macho","Andrej Titkov","Petr Novák","Jirí Kekrt","Ivo Tovaryš","7till12placeMatch"
"Zubrí","KP Brno",23,23,"16.4.2014","11 : 12","390","2 : 0","Martin Kosa, Pavel Švidernoch","Jirí Kekrt","Michal Balhárek","Jan Hegar","Zdenek Zima","7till12placeMatch"
"Zlín","Koprivnice",26,29,"17.4.2014","14 : 13","180","3 : 2","Tomáš Bubenícek, Jan Kosmák","Andrej Titkov","Petr Novák","Jaromír Petrek","Ivo Vávra","7till12placeMatch"
"Prerov","Karviná",28,27,"20.4.2014","13 : 11","53","2 : 5","Milan Hájek, Karel Macho","Kamil Zemánek","Richard Bucek","Marek Michalisko","Radek Gumolka","7till12placeMatch"
"KP Brno","Zlín",29,20,"12.4.2014","16 : 7","158","3 : 1","Michal Nezbeda, Václav Zelenka","Jan Hegar","Zdenek Zima","Andrej Titkov","Petr Novák","7till12placeMatch"
"Koprivnice","Prerov",33,26,"12.4.2014","15 : 13","250","2 : 5","Martin Kosa, Pavel Švidernoch","Jaromír Petrek","Ivo Vávra","Kamil Zemánek","Richard Bucek","7till12placeMatch"
"Karviná","Zubrí",28,27,"13.4.2014","15 : 12","498","3 : 3","Jirí Králícek, Milan Letev","Marek Michalisko","Petr Raszyk","Jirí Kekrt","Ivo Tovaryš","7till12placeMatch"
"KP Brno","Koprivnice",32,30,"29.3.2014","17 : 19","189","1 : 3","Tomáš Kozler, Vladimír Vaník","Jan Hegar","Gabriela Topinková","Jaromír Petrek","Ivo Vávra","7till12placeMatch"
"Zubrí","Prerov",32,25,"29.3.2014","17 : 18","650","1 : 3","Jirí Vetrovský, Martin Zych","Jirí Kekrt","Michal Balhárek","Kamil Zemánek","Richard Bucek","7till12placeMatch"
"Zlín","Karviná",26,26,"30.3.2014","12 : 10","250","2 : 3","Bedrich Frieser, Lukáš Frieser","Andrej Titkov","Petr Novák","Marek Michalisko","Petr Raszyk","7till12placeMatch"
"Koprivnice","Zubrí",28,31,"22.3.2014","14 : 14","200","4 : 5","Jirí Opava, Pavel Válek","Jaromír Petrek","Ivo Vávra","Jirí Kekrt","Ivo Tovaryš","7till12placeMatch"
"Karviná","KP Brno",28,26,"22.3.2014","13 : 16","216","1 : 3","Jirí Vetrovský, Martin Zych","Marek Michalisko","Petr Raszyk","Jan Hegar","Zdenek Zima","7till12placeMatch"
"Prerov","Zlín",23,28,"23.3.2014","11 : 18","159","5 : 2","Jirí Opava, Pavel Válek","Kamil Zemánek","Richard Bucek","Andrej Titkov","Petr Novák","7till12placeMatch"
"KP Brno","Prerov",28,29,"15.3.2014","12 : 16","350","5 : 4","Marek Becicka, Jirí Horák","Jan Hegar","Zdenek Zima","Kamil Zemánek","Richard Bucek","7till12placeMatch"
"Zubrí","Zlín",24,20,"15.3.2014","10 : 10","700","3 : 0","Jirí Králícek, Milan Letev","Jirí Kekrt","Michal Balhárek","Andrej Titkov","Petr Novák","7till12placeMatch"
"Karviná","Koprivnice",32,20,"16.3.2014","12 : 8","262","5 : 4","Martin Kosa, Pavel Švidernoch","Marek Michalisko","Radek Gumolka","Jaromír Petrek","Ivo Vávra","7till12placeMatch"
"Jicín","Zubrí",23,22,"1.3.2014","11 : 10","600","2 : 1","Tomáš Bubenícek, Jan Kosmák","Aleš Babák","Petr Kyncl","Jirí Kekrt","Michal Balhárek","RegularPhaseMatch"
"Koprivnice","Zlín",31,32,"1.3.2014","16 : 18","260","3 : 1","Radoslav Kavulic, Libor Skružný","Jaromír Petrek","Ivo Vávra","Andrej Titkov","Petr Novák","RegularPhaseMatch"
"Dukla","Prerov",29,26,"1.3.2014","15 : 9","180","3 : 2","Tomáš Kozler, Vladimír Vaník","Pavel Pauza","Jirí Kotrc","","Richard Bucek","RegularPhaseMatch"
"Karviná","Hranice",26,26,"1.3.2014","14 : 15","989","5 : 4","Marek Becicka, Jirí Horák","Marek Michalisko","Radek Gumolka","Libor Hrabal","Martin Schober","RegularPhaseMatch"
"KP Brno","Plzen",21,20,"1.3.2014","10 : 9","0","2 : 0","Dalibor Pavlát, Ludek Tocík","Jan Hegar","Zdenek Zima","Martin Šetlík","Stanislav Raizl","RegularPhaseMatch"
"Frýdek-Místek","Lovosice",30,26,"2.3.2014","12 : 14","492","3 : 1","Václav Horácek, Jirí Novotný","Aleš Chrastina","Petr Mazur","Vladimír Šuma","Pavel Haken","RegularPhaseMatch"
"Zubrí","Koprivnice",27,26,"23.2.2014","14 : 15","600","1 : 0","Bohumil Bruna, Petr Halada","Jirí Kekrt","Michal Balhárek","Jaromír Petrek","Ivo Vávra","RegularPhaseMatch"
"Lovosice","Karviná",24,30,"23.2.2014","12 : 13","750","3 : 2","Jirí Vetrovský, Martin Zych","Andrea Reznícková","Pavel Haken","Marek Michalisko","Radek Gumolka","RegularPhaseMatch"
"Prerov","Jicín",25,33,"23.2.2014","15 : 15","252","5 : 4","Jirí Králícek, Milan Letev","Kamil Zemánek","Richard Bucek","Aleš Babák","Petr Kyncl","RegularPhaseMatch"
"Hranice","Dukla",27,19,"23.2.2014","12 : 8","320","3 : 3","Dalibor Pavlát, Ludek Tocík","Libor Hrabal","Martin Schober","Pavel Pauza","Jirí Kotrc","RegularPhaseMatch"
"Plzen","Frýdek-Místek",31,21,"23.2.2014","15 : 12","930","1 : 4","Jirí Opava, Pavel Válek","Martin Šetlík","Stanislav Raizl","Aleš Chrastina","Petr Mazur","RegularPhaseMatch"
"Zlín","KP Brno",21,23,"23.2.2014","11 : 9","450","2 : 4","Marek Becicka, Jirí Horák","Andrej Titkov","Petr Novák","Jan Hegar","Gabriela Topinková","RegularPhaseMatch"
"Dukla","Lovosice",26,26,"15.2.2014","11 : 12","240","3 : 1","Milan Hájek, Karel Macho","Pavel Pauza","Jirí Kotrc","Vladimír Šuma","Pavel Haken","RegularPhaseMatch"
"Jicín","Hranice",24,23,"15.2.2014","12 : 10","445","2 : 2","Bedrich Frieser, Lukáš Frieser","Aleš Babák","Petr Kyncl","Libor Hrabal","Martin Schober","RegularPhaseMatch"
"Zubrí","Prerov",35,26,"15.2.2014","14 : 13","450","5 : 3","Luboš Pavlícek, Rostislav Tokoš","Jirí Kekrt","Michal Balhárek","Kamil Zemánek","Richard Bucek","RegularPhaseMatch"
"Koprivnice","KP Brno",29,24,"15.2.2014","12 : 10","230","1 : 1","Michal Nezbeda, Václav Zelenka","Jaromír Petrek","Ivo Vávra","Jan Hegar","Zdenek Zima","RegularPhaseMatch"
"Frýdek-Místek","Zlín",29,20,"15.2.2014","16 : 12","463","3 : 6","Martin Kosa, Pavel Švidernoch","Aleš Chrastina","Petr Mazur","Andrej Titkov","Petr Novák","RegularPhaseMatch"
"Karviná","Plzen",26,22,"16.2.2014","10 : 11","612","4 : 3","Václav Horácek, Jirí Novotný","Marek Michalisko","Radek Gumolka","Martin Šetlík","Stanislav Raizl","RegularPhaseMatch"
"Lovosice","Jicín",29,25,"8.2.2014","18 : 12","860","1 : 1","Radoslav Kavulic, Libor Skružný","Andrea Reznícková","Pavel Haken","Aleš Babák","Petr Kyncl","RegularPhaseMatch"
"KP Brno","Frýdek-Místek",28,28,"8.2.2014","14 : 15","540","3 : 4","Luboš Pavlícek, Rostislav Tokoš","Jan Hegar","Zdenek Zima","Aleš Chrastina","Petr Mazur","RegularPhaseMatch"
"Hranice","Zubrí",30,25,"9.2.2014","16 : 11","310","2 : 1","Jirí Opava, Pavel Válek","Libor Hrabal","Martin Schober","Jirí Kekrt","Michal Balhárek","RegularPhaseMatch"
"Plzen","Dukla",22,23,"9.2.2014","10 : 13","1450","5 : 4","Marek Becicka, Jirí Horák","Martin Šetlík","Stanislav Raizl","Pavel Pauza","Jirí Kotrc","RegularPhaseMatch"
"Zlín","Karviná",20,26,"9.2.2014","8 : 11","450","2 : 2","Bedrich Frieser, Lukáš Frieser","Andrej Titkov","Petr Novák","Marek Michalisko","Petr Raszyk","RegularPhaseMatch"
"Prerov","Koprivnice",36,29,"9.2.2014","19 : 13","221","2 : 2","Jirí Vetrovský, Martin Zych","Kamil Zemánek","Richard Bucek","Jaromír Petrek","Ivo Vávra","RegularPhaseMatch"
"Dukla","Zlín",32,24,"1.2.2014","18 : 10","150","2 : 3","Jirí Vetrovský, Martin Zych","Pavel Pauza","Jirí Kotrc","Andrej Titkov","Petr Novák","RegularPhaseMatch"
"Koprivnice","Frýdek-Místek",28,29,"1.2.2014","13 : 18","280","0 : 5","Michal Hanák, Jirí Králícek","Jaromír Petrek","Ivo Vávra","Aleš Chrastina","Petr Mazur","RegularPhaseMatch"
"Jicín","Plzen",15,19,"1.2.2014","6 : 12","690","7 : 1","Jirí Opava, Pavel Válek","Aleš Babák","Petr Kyncl","Martin Šetlík","Stanislav Raizl","RegularPhaseMatch"
"Prerov","Hranice",26,24,"2.2.2014","15 : 12","255","1 : 4","Michal Hanák, Václav Horácek","Kamil Zemánek","Richard Bucek","Libor Hrabal","Martin Schober","RegularPhaseMatch"
"Karviná","KP Brno",24,19,"2.2.2014","12 : 9","513","2 : 1","Milan Hájek, Karel Macho","Marek Michalisko","Radek Gumolka","Jan Hegar","Zdenek Zima","RegularPhaseMatch"
"Zubrí","Lovosice",27,33,"2.2.2014","13 : 15","600","6 : 1","Marek Becicka, Jirí Horák","Jirí Kekrt","Michal Balhárek","Vojtech Srba","Pavel Haken","RegularPhaseMatch"
"Frýdek-Místek","Karviná",30,25,"29.1.2014","17 : 14","502","3 : 2","Marek Becicka, Jirí Horák","Aleš Chrastina","Petr Mazur","Marek Michalisko","Radek Gumolka","RegularPhaseMatch"
"Hranice","Koprivnice",40,29,"29.1.2014","21 : 9","210","3 : 3","Martin Kosa, Pavel Švidernoch","Libor Hrabal","Martin Schober","Jaromír Petrek","Ivo Vávra","RegularPhaseMatch"
"KP Brno","Dukla",26,24,"29.1.2014","12 : 12","650","4 : 3","Jirí Opava, Pavel Válek","Jan Hegar","Zdenek Zima","Pavel Pauza","Jirí Kotrc","RegularPhaseMatch"
"Plzen","Zubrí",30,16,"29.1.2014","15 : 6","1650","3 : 2","Bedrich Frieser, Lukáš Frieser","Martin Šetlík","Stanislav Raizl","Jirí Kekrt","Michal Balhárek","RegularPhaseMatch"
"Zlín","Jicín",26,29,"29.1.2014","13 : 12","800","3 : 4","Václav Horácek, Jirí Novotný","Andrej Titkov","Petr Novák","Aleš Babák","Petr Kyncl","RegularPhaseMatch"
"Lovosice","Prerov",32,26,"29.1.2014","12 : 14","450","4 : 2","Michal Nezbeda, Václav Zelenka","Andrea Reznícková","Pavel Haken","Kamil Zemánek","Richard Bucek","RegularPhaseMatch"
"Hranice","Lovosice",27,26,"14.12.2013","15 : 17","280","1 : 1","Václav Horácek, Jirí Novotný","Libor Hrabal","Martin Schober","Vojtech Srba","Václav Bruža","RegularPhaseMatch"
"Dukla","Frýdek-Místek",36,26,"14.12.2013","21 : 11","120","2 : 7","Jirí Opava, Pavel Válek","Pavel Pauza","Jirí Kotrc","Aleš Chrastina","Petr Mazur","RegularPhaseMatch"
"Jicín","KP Brno",26,24,"14.12.2013","13 : 12","618","0 : 2","Michal Hanák, Petr Novák","Aleš Babák","Petr Kyncl","Jan Hegar","Zdenek Zima","RegularPhaseMatch"
"Zubrí","Zlín",24,25,"14.12.2013","11 : 10","600","2 : 0","Jirí Králícek, Milan Letev","Aleš Korínek","Michal Balhárek","Andrej Titkov","Petr Novák","RegularPhaseMatch"
"Koprivnice","Karviná",30,34,"14.12.2013","17 : 19","320","2 : 1","Tomáš Bubenícek, Jan Kosmák","Jaromír Petrek","Ivo Vávra","Marek Michalisko","Radek Gumolka","RegularPhaseMatch"
"Plzen","Prerov",35,19,"14.12.2013","18 : 10","280","2 : 2","Jirí Vetrovský, Martin Zych","Martin Šetlík","Stanislav Raizl","Jirí Závodník","Richard Bucek","RegularPhaseMatch"
"Lovosice","Koprivnice",32,24,"4.12.2013","16 : 11","650","2 : 2","Tomáš Kozler, Vladimír Vaník","Andrea Reznícková","Pavel Haken","Jaromír Petrek","Zdenek Kovalák","RegularPhaseMatch"
"Plzen","Hranice",25,18,"4.12.2013","17 : 10","286","1 : 1","Jirí Opava, Pavel Válek","Martin Šetlík","Stanislav Raizl","Martin Schober","Pavel Kleisl","RegularPhaseMatch"
"Frýdek-Místek","Jicín",28,22,"11.12.2013","19 : 13","471","6 : 3","Martin Kosa, Pavel Švidernoch","Aleš Chrastina","Petr Mazur","Aleš Babák","Petr Kyncl","RegularPhaseMatch"
"Karviná","Dukla",26,20,"11.12.2013","12 : 12","350","3 : 3","Bedrich Frieser, Lukáš Frieser","Marek Michalisko","Radek Gumolka","Pavel Pauza","Jirí Kotrc","RegularPhaseMatch"
"KP Brno","Zubrí",28,23,"11.12.2013","16 : 15","483","0 : 2","Marek Becicka, Jirí Horák","Jan Hegar","Zdenek Zima","Aleš Korínek","Michal Balhárek","RegularPhaseMatch"
"Zlín","Prerov",30,26,"11.12.2013","13 : 15","570","2 : 2","Bohumil Bruna, Petr Halada","Andrej Titkov","Petr Novák","Jirí Závodník","Jirí Mužík","RegularPhaseMatch"
"Prerov","KP Brno",23,36,"6.12.2013","6 : 15","123","3 : 4","Jirí Opava, Pavel Válek","Jirí Závodník","Jirí Mužík","Jan Hegar","Gabriela Topinková","RegularPhaseMatch"
"Jicín","Karviná",24,20,"7.12.2013","9 : 13","600","5 : 3","Dalibor Pavlát, Ludek Tocík","Aleš Babák","Petr Kyncl","Marek Michalisko","Zdenek Mrózek","RegularPhaseMatch"
"Zubrí","Frýdek-Místek",26,32,"7.12.2013","11 : 17","700","4 : 2","Milan Hájek, Karel Macho","Aleš Korínek","Michal Balhárek","Aleš Chrastina","Petr Mazur","RegularPhaseMatch"
"Koprivnice","Dukla",26,26,"7.12.2013","12 : 12","320","6 : 2","Luboš Pavlícek, Rostislav Tokoš","Jaromír Petrek","Ivo Vávra","Pavel Pauza","Jirí Kotrc","RegularPhaseMatch"
"Hranice","Zlín",31,22,"8.12.2013","20 : 6","240","1 : 3","Radoslav Kavulic, Libor Skružný","Libor Hrabal","Martin Schober","Andrej Titkov","Petr Novák","RegularPhaseMatch"
"Lovosice","Plzen",18,22,"10.12.2013","11 : 11","1101","2 : 0","Michal Hanák, Petr Novák","Andrea Reznícková","Pavel Haken","Martin Šetlík","Stanislav Raizl","RegularPhaseMatch"
"Plzen","Koprivnice",36,25,"30.11.2013","16 : 10","280","3 : 4","Bohumil Bruna, Petr Halada","Martin Šetlík","Stanislav Raizl","Jaromír Petrek","Ivo Vávra","RegularPhaseMatch"
"Lovosice","Zlín",24,21,"30.11.2013","14 : 8","820","5 : 0","Martin Kosa, Pavel Švidernoch","Andrea Reznícková","Pavel Haken","Andrej Titkov","Petr Novák","RegularPhaseMatch"
"Dukla","Jicín",29,23,"30.11.2013","15 : 11","280","1 : 4","Marek Becicka, Jirí Horák","Pavel Pauza","Jirí Kotrc","Aleš Babák","Petr Kyncl","RegularPhaseMatch"
"Karviná","Zubrí",26,28,"1.12.2013","13 : 13","650","1 : 6","Václav Horácek, Jirí Novotný","Marek Michalisko","Radek Gumolka","Aleš Korínek","Michal Balhárek","RegularPhaseMatch"
"Frýdek-Místek","Prerov",42,29,"1.12.2013","17 : 14","465","5 : 4","Tomáš Bubenícek, Jan Kosmák","Aleš Chrastina","Petr Mazur","Jirí Závodník","Richard Bucek","RegularPhaseMatch"
"KP Brno","Hranice",24,26,"1.12.2013","13 : 10","620","2 : 4","Michal Hanák, Petr Novák","Jan Hegar","Zdenek Zima","Libor Hrabal","Karel Magrla","RegularPhaseMatch"
"Lovosice","KP Brno",21,16,"23.11.2013","11 : 5","690","1 : 0","Radoslav Kavulic, Libor Skružný","Vojtech Srba","Pavel Haken","Jan Hegar","Zdenek Zima","RegularPhaseMatch"
"Koprivnice","Jicín",16,22,"23.11.2013","10 : 16","350","1 : 2","Jirí Králícek, Milan Letev","Jaromír Petrek","Ivo Vávra","Aleš Babák","Petr Kyncl","RegularPhaseMatch"
"Plzen","Zlín",20,17,"23.11.2013","8 : 7","350","1 : 2","Jirí Vetrovský, Martin Zych","Martin Šetlík","Stanislav Raizl","Andrej Titkov","Petr Novák","RegularPhaseMatch"
"Zubrí","Dukla",23,29,"24.11.2013","16 : 13","600","4 : 4","Václav Horácek, Jirí Novotný","Aleš Korínek","Michal Balhárek","Pavel Pauza","Jirí Kotrc","RegularPhaseMatch"
"Prerov","Karviná",33,28,"24.11.2013","18 : 15","210","4 : 3","Marek Becicka, Jirí Horák","Jirí Závodník","Richard Bucek","Marek Michalisko","Radek Gumolka","RegularPhaseMatch"
"Hranice","Frýdek-Místek",31,32,"24.11.2013","13 : 16","210","3 : 3","Jirí Opava, Pavel Válek","Libor Hrabal","Martin Schober","Aleš Chrastina","Petr Mazur","RegularPhaseMatch"
"Lovosice","Frýdek-Místek",33,25,"16.11.2013","17 : 11","700","2 : 3","Bohumil Bruna, Petr Halada","Andrea Reznícková","Pavel Haken","Aleš Chrastina","Petr Mazur","RegularPhaseMatch"
"Zubrí","Jicín",22,24,"16.11.2013","9 : 13","600","3 : 1","Bedrich Frieser, Lukáš Frieser","Aleš Korínek","Michal Balhárek","Aleš Babák","Petr Kyncl","RegularPhaseMatch"
"Prerov","Dukla",26,30,"17.11.2013","15 : 16","185","2 : 7","Jirí Králícek, Petr Novák","Jirí Závodník","Jirí Mužík","Pavel Pauza","Jirí Kotrc","RegularPhaseMatch"
"Hranice","Karviná",27,31,"17.11.2013","13 : 16","280","1 : 0","Michal Hanák, Petr Novák","Libor Hrabal","Martin Schober","Marek Michalisko","Radek Gumolka","RegularPhaseMatch"
"Plzen","KP Brno",30,18,"17.11.2013","15 : 10","280","2 : 3","Dalibor Pavlát, Ludek Tocík","Martin Šetlík","Stanislav Raizl","Jan Hegar","Gabriela Topinková","RegularPhaseMatch"
"Zlín","Koprivnice",34,22,"17.11.2013","18 : 10","720","0 : 0","Tomáš Kozler, Vladimír Vaník","Andrej Titkov","Petr Novák","Jaromír Petrek","Ivo Vávra","RegularPhaseMatch"
"Dukla","Hranice",33,22,"9.11.2013","13 : 12","220","4 : 0","Milan Hájek, Karel Macho","Pavel Pauza","Jirí Kotrc","Libor Hrabal","Karel Magrla","RegularPhaseMatch"
"KP Brno","Zlín",38,19,"9.11.2013","22 : 7","420","5 : 2","Luboš Pavlícek, Rostislav Tokoš","Jan Hegar","Zdenek Zima","Andrej Titkov","Petr Novák","RegularPhaseMatch"
"Jicín","Prerov",37,21,"9.11.2013","19 : 10","530","2 : 0","Jirí Opava, Pavel Válek","Aleš Babák","Petr Kyncl","Jirí Závodník","Mojmír Valášek","RegularPhaseMatch"
"Koprivnice","Zubrí",23,30,"9.11.2013","14 : 13","420","3 : 4","Dalibor Pavlát, Ludek Tocík","Jaromír Petrek","Ivo Vávra","Aleš Korínek","Michal Balhárek","RegularPhaseMatch"
"Karviná","Lovosice",22,27,"10.11.2013","10 : 11","386","1 : 2","Václav Horácek, Jirí Novotný","Marek Michalisko","Petr Raszyk","Vojtech Srba","Václav Bruža","RegularPhaseMatch"
"Frýdek-Místek","Plzen",16,27,"10.11.2013","7 : 15","425","1 : 1","Marek Becicka, Jirí Horák","Aleš Chrastina","Petr Mazur","Martin Šetlík","Stanislav Raizl","RegularPhaseMatch"
"Plzen","Karviná",30,27,"23.10.2013","14 : 14","150","3 : 2","Michal Hanák, Petr Novák","Martin Šetlík","Stanislav Raizl","Marek Michalisko","Petr Raszyk","RegularPhaseMatch"
"KP Brno","Koprivnice",33,29,"26.10.2013","17 : 17","419","4 : 4","Marek Becicka, Jirí Horák","Lumír Zátopek","Zdenek Zima","Jaromír Petrek","Ivo Vávra","RegularPhaseMatch"
"Lovosice","Dukla",31,26,"27.10.2013","13 : 10","750","4 : 5","Václav Horácek, Jirí Novotný","Andrea Reznícková","Pavel Haken","Pavel Pauza","Milan Kotrc","RegularPhaseMatch"
"Prerov","Zubrí",22,38,"27.10.2013","13 : 16","130","3 : 2","Martin Kosa, Pavel Švidernoch","Jirí Závodník","Mojmír Valášek","Aleš Korínek","Michal Balhárek","RegularPhaseMatch"
"Hranice","Jicín",22,29,"27.10.2013","11 : 17","325","3 : 3","Jirí Opava, Pavel Válek","Libor Hrabal","Martin Schober","Aleš Babák","Petr Kyncl","RegularPhaseMatch"
"Zlín","Frýdek-Místek",24,28,"27.10.2013","10 : 15","850","1 : 2","Bohumil Bruna, Petr Halada","Andrej Titkov","Petr Novák","Aleš Chrastina","Petr Mazur","RegularPhaseMatch"
"Jicín","Lovosice",26,24,"16.10.2013","12 : 11","587","1 : 2","Radoslav Kavulic, Libor Skružný","Aleš Babák","Petr Kyncl","Vojtech Srba","Pavel Haken","RegularPhaseMatch"
"Dukla","Plzen",25,27,"19.10.2013","12 : 17","220","3 : 4","Bedrich Frieser, Lukáš Frieser","Pavel Pauza","Milan Kotrc","Martin Šetlík","Stanislav Raizl","RegularPhaseMatch"
"Koprivnice","Prerov",34,31,"19.10.2013","18 : 15","420","3 : 1","Bohumil Bruna, Petr Halada","Jaromír Petrek","Ivo Vávra","Jirí Závodník","Jirí Mužík","RegularPhaseMatch"
"Zubrí","Hranice",29,33,"20.10.2013","13 : 16","800","3 : 2","Michal Hanák, Petr Novák","Miroslav Celic","Michal Balhárek","Libor Hrabal","Karel Magrla","RegularPhaseMatch"
"Karviná","Zlín",25,23,"20.10.2013","11 : 12","680","1 : 0","Tomáš Bubenícek, Jan Kosmák","Marek Michalisko","Radek Gumolka","Andrej Titkov","Petr Novák","RegularPhaseMatch"
"Frýdek-Místek","KP Brno",19,20,"20.10.2013","9 : 10","486","1 : 3","Luboš Pavlícek, Rostislav Tokoš","Aleš Chrastina","Petr Mazur","Jan Hegar","Gabriela Topinková","RegularPhaseMatch"
"Plzen","Jicín",23,19,"9.10.2013","13 : 10","130","3 : 3","Bedrich Frieser, Lukáš Frieser","Martin Šetlík","Stanislav Raizl","Aleš Babák","Petr Kyncl","RegularPhaseMatch"
"Lovosice","Zubrí",36,31,"12.10.2013","19 : 11","910","4 : 3","Milan Hájek, Karel Macho","Andrea Reznícková","Pavel Haken","Miroslav Celic","Michal Balhárek","RegularPhaseMatch"
"KP Brno","Karviná",29,26,"12.10.2013","16 : 15","422","4 : 2","Radoslav Kavulic, Libor Skružný","Jan Hegar","Filip Hruza","Marek Michalisko","Radek Gumolka","RegularPhaseMatch"
"Hranice","Prerov",24,21,"13.10.2013","11 : 11","270","2 : 1","Luboš Pavlícek, Rostislav Tokoš","Libor Hrabal","Martin Schober","Jirí Závodník","Mojmír Valášek","RegularPhaseMatch"
"Zlín","Dukla",27,22,"13.10.2013","11 : 11","800","5 : 3","Václav Horácek, Jirí Novotný","Andrej Titkov","Petr Novák","Pavel Pauza","Milan Kotrc","RegularPhaseMatch"
"Frýdek-Místek","Koprivnice",24,18,"13.10.2013","10 : 9","510","2 : 2","Marek Becicka, Jirí Horák","Aleš Chrastina","Petr Mazur","Jaromír Petrek","Ivo Vávra","RegularPhaseMatch"
"Prerov","Lovosice",21,30,"5.10.2013","11 : 13","75","1 : 2","Dalibor Pavlát, Ludek Tocík","Jirí Závodník","Richard Bucek","Vojtech Srba","Pavel Haken","RegularPhaseMatch"
"Jicín","Zlín",24,20,"5.10.2013","11 : 8","440","5 : 2","Jirí Vetrovský, Martin Zych","Aleš Babák","Petr Kyncl","Andrej Titkov","Petr Novák","RegularPhaseMatch"
"Zubrí","Plzen",21,31,"5.10.2013","14 : 13","586","1 : 4","Václav Horácek, Jirí Novotný","Miroslav Celic","Michal Balhárek","Martin Šetlík","Stanislav Raizl","RegularPhaseMatch"
"Koprivnice","Hranice",28,34,"5.10.2013","13 : 16","342","1 : 3","Martin Kosa, Pavel Švidernoch","Jaromír Petrek","Ivo Vávra","Libor Hrabal","Martin Schober","RegularPhaseMatch"
"Dukla","KP Brno",27,24,"5.10.2013","15 : 12","125","2 : 1","Tomáš Kozler, Vladimír Vaník","Pavel Pauza","Milan Kotrc","Jan Hegar","Gabriela Topinková","RegularPhaseMatch"
"Karviná","Frýdek-Místek",28,23,"6.10.2013","17 : 13","729","4 : 1","Jirí Králícek, Milan Letev","Marek Michalisko","Radek Gumolka","Aleš Chrastina","Petr Mazur","RegularPhaseMatch"
"Prerov","Plzen",22,30,"27.9.2013","9 : 11","125","4 : 3","Jirí Králícek, Milan Letev","Jirí Závodník","Jirí Mužík","Martin Šetlík","Stanislav Raizl","RegularPhaseMatch"
"Lovosice","Hranice",33,26,"28.9.2013","13 : 14","750","5 : 4","Tomáš Kozler, Vladimír Vaník","Andrea Reznícková","Pavel Haken","Libor Hrabal","Karel Magrla","RegularPhaseMatch"
"Karviná","Koprivnice",36,30,"29.9.2013","21 : 18","531","2 : 2","Václav Horácek, Jirí Novotný","Marek Michalisko","Radek Gumolka","Jaromír Petrek","Ivo Vávra","RegularPhaseMatch"
"Zlín","Zubrí",28,21,"29.9.2013","12 : 9","750","2 : 2","Tomáš Bubenícek, Jan Kosmák","Andrej Titkov","Petr Novák","Miroslav Celic","Michal Balhárek","RegularPhaseMatch"
"Frýdek-Místek","Dukla",33,26,"29.9.2013","13 : 18","640","5 : 2","Martin Kosa, Pavel Švidernoch","Aleš Chrastina","Petr Mazur","Pavel Pauza","Milan Kotrc","RegularPhaseMatch"
"KP Brno","Jicín",25,21,"29.9.2013","12 : 12","120","3 : 3","Milan Hájek, Karel Macho","Jan Hegar","Zdenek Zima","Aleš Babák","Petr Kyncl","RegularPhaseMatch"
"Koprivnice","Lovosice",28,36,"25.9.2013","13 : 21","300","6 : 1","Jirí Králícek, Milan Letev","Jaromír Petrek","Ivo Vávra","Vojtech Srba","Pavel Haken","RegularPhaseMatch"
"Jicín","Frýdek-Místek",28,29,"25.9.2013","14 : 13","570","4 : 1","Dalibor Pavlát, Ludek Tocík","Aleš Babák","Petr Kyncl","Aleš Chrastina","Petr Mazur","RegularPhaseMatch"
"Zubrí","KP Brno",30,25,"25.9.2013","17 : 14","650","3 : 4","Marek Becicka, Jirí Horák","Miroslav Celic","Michal Balhárek","Jan Hegar","Zdenek Zima","RegularPhaseMatch"
"Prerov","Zlín",24,28,"25.9.2013","14 : 11","185","4 : 1","Václav Horácek, Jirí Novotný","Jirí Závodník","Jirí Mužík","Andrej Titkov","Petr Novák","RegularPhaseMatch"
"Hranice","Plzen",24,22,"25.9.2013","8 : 9","260","2 : 0","Michal Hanák, Petr Novák","Libor Hrabal","Martin Schober","Martin Šetlík","Stanislav Raizl","RegularPhaseMatch"
"Dukla","Karviná",27,25,"25.9.2013","12 : 13","130","3 : 0","Radoslav Kavulic, Libor Skružný","Pavel Pauza","Milan Kotrc","Marek Michalisko","Zdenek Mrózek","RegularPhaseMatch"
"KP Brno","Prerov",30,28,"18.9.2013","13 : 16","418","5 : 2","Jirí Vetrovský, Martin Zych","Jan Hegar","Zdenek Zima","Jirí Závodník","Richard Bucek","RegularPhaseMatch"
"Plzen","Lovosice",19,21,"21.9.2013","9 : 9","200","2 : 3","Tomáš Bubenícek, Jan Kosmák","Martin Šetlík","Stanislav Raizl","Vladimír Šuma","Pavel Haken","RegularPhaseMatch"
"Dukla","Koprivnice",35,25,"21.9.2013","19 : 11","120","2 : 1","Dalibor Pavlát, Ludek Tocík","Pavel Pauza","Milan Kotrc","Jaromír Petrek","Ivo Vávra","RegularPhaseMatch"
"Karviná","Jicín",23,20,"22.9.2013","13 : 8","705","1 : 4","Marek Becicka, Jirí Horák","Marek Michalisko","Radek Gumolka","Aleš Babák","Petr Kyncl","RegularPhaseMatch"
"Zlín","Hranice",28,31,"22.9.2013","13 : 15","650","2 : 2","Martin Kosa, Pavel Švidernoch","Andrej Titkov","Petr Novák","Libor Hrabal","Karel Magrla","RegularPhaseMatch"
"Frýdek-Místek","Zubrí",26,25,"22.9.2013","10 : 13","460","4 : 0","Jirí Králícek, Milan Letev","Aleš Chrastina","Petr Mazur","Miroslav Celic","Michal Balhárek","RegularPhaseMatch"
"Zubrí","Karviná",28,27,"14.9.2013","16 : 15","800","3 : 3","Václav Horácek, Jirí Novotný","Miroslav Celic","Michal Balhárek","Marek Michalisko","Roman Farár","RegularPhaseMatch"
"Koprivnice","Plzen",24,24,"14.9.2013","12 : 11","480","1 : 2","Luboš Pavlícek, Rostislav Tokoš","Jaromír Petrek","Ivo Vávra","Martin Šetlík","Stanislav Raizl","RegularPhaseMatch"
"Prerov","Frýdek-Místek",29,26,"15.9.2013","15 : 11","178","2 : 7","Radoslav Kavulic, Libor Skružný","Jirí Závodník","Richard Bucek","Aleš Chrastina","Petr Mazur","RegularPhaseMatch"
"Hranice","KP Brno",29,23,"15.9.2013","16 : 10","350","4 : 2","Tomáš Kozler, Vladimír Vaník","Libor Hrabal","Martin Schober","Jan Hegar","Zdenek Zima","RegularPhaseMatch"
"Zlín","Lovosice",17,27,"15.9.2013","9 : 13","480","1 : 4","Jirí Vetrovský, Martin Zych","Andrej Titkov","Petr Novák","Vojtech Srba","Pavel Haken","RegularPhaseMatch"
"Jicín","Dukla",21,17,"15.9.2013","12 : 5","620","0 : 0","Michal Hanák, Petr Novák","Aleš Babák","Petr Kyncl","Pavel Pauza","Milan Kotrc","RegularPhaseMatch"
"Jicín","Koprivnice",32,21,"4.9.2013","15 : 7","580","1 : 4","Bedrich Frieser, Lukáš Frieser","Aleš Babák","Petr Kyncl","Jaromír Petrek","Ivo Vávra","RegularPhaseMatch"
"Dukla","Zubrí",32,24,"7.9.2013","16 : 11","210","2 : 0","Bedrich Frieser, Lukáš Frieser","Pavel Pauza","Milan Kotrc","Miroslav Celic","Michal Balhárek","RegularPhaseMatch"
"Karviná","Prerov",27,22,"8.9.2013","7 : 9","400","2 : 3","Martin Kosa, Pavel Švidernoch","Marek Michalisko","Radek Gumolka","Jirí Závodník","Richard Bucek","RegularPhaseMatch"
"KP Brno","Lovosice",25,24,"8.9.2013","15 : 15","450","6 : 0","Michal Hanák, Petr Novák","Jan Hegar","Zdenek Zima","Vladimír Šuma","Pavel Haken","RegularPhaseMatch"
"Zlín","Plzen",23,25,"8.9.2013","9 : 15","650","1 : 1","Bedrich Frieser, Lukáš Frieser","Andrej Titkov","Petr Novák","Martin Šetlík","Stanislav Raizl","RegularPhaseMatch"
"Frýdek-Místek","Hranice",27,32,"8.9.2013","15 : 16","421","2 : 3","Marek Becicka, Jirí Horák","Aleš Chrastina","Petr Mazur","Libor Hrabal","Martin Schober","RegularPhaseMatch"
